      {
        "name": "Date",
        "columns": [
          {
            "type": "calculatedTableColumn",
            "name": "Date",
            "dataType": "dateTime",
            "isNameInferred": true,
            "isDataTypeInferred": true,
            "sourceColumn": "[Date]",
            "formatString": "Short Date",
            "annotations": [
              {
                "name": "Format",
                "value": "<Format Format=\"DateTimeShortDatePattern\" />"
              }
            ]
          },
          {
            "type": "calculated",
            "name": "Calendar Year",
            "dataType": "int64",
            "isDataTypeInferred": true,
            "expression": "YEAR([Date])"
          },
          {
            "type": "calculated",
            "name": "Day Name",
            "dataType": "string",
            "isDataTypeInferred": true,
            "expression": "FORMAT([Date], \"dddd\")"
          },
          {
            "type": "calculated",
            "name": "Day Number of Week",
            "dataType": "int64",
            "isDataTypeInferred": true,
            "expression": "WEEKDAY([Date])"
          },
          {
            "type": "calculated",
            "name": "Day of Month",
            "dataType": "int64",
            "isDataTypeInferred": true,
            "expression": "DATEDIFF(DATE(YEAR([Date]), MONTH([Date]), 1), [Date], DAY)+1"
          },
          {
            "type": "calculated",
            "name": "Day of Year",
            "dataType": "int64",
            "isDataTypeInferred": true,
            "expression": "DATEDIFF(DATE(YEAR([Date]), 1, 1), [Date], DAY)+1"
          },
          {
            "type": "calculated",
            "name": "Week Number of Year",
            "dataType": "int64",
            "isDataTypeInferred": true,
            "expression": "WEEKNUM([Date])"
          },
          {
            "type": "calculated",
            "name": "Month Name",
            "dataType": "string",
            "isDataTypeInferred": true,
            "expression": "FORMAT([Date], \"mmmm\")"
          },
          {
            "type": "calculated",
            "name": "Month",
            "dataType": "int64",
            "isDataTypeInferred": true,
            "expression": "MONTH([Date])"
          },
          {
            "type": "calculated",
            "name": "Calendar Quarter",
            "dataType": "string",
            "isDataTypeInferred": true,
            "expression": "FORMAT([Date], \"q\")"
          },
          {
            "type": "calculated",
            "name": "Calendar Semester",
            "dataType": "int64",
            "isDataTypeInferred": true,
            "expression": "IF([Month]< 7, 1,2)"
          },
          {
            "type": "calculated",
            "name": "Fiscal Quarter",
            "dataType": "double",
            "isDataTypeInferred": true,
            "expression": "MOD([Calendar Quarter]+1, 4)+1"
          },
          {
            "type": "calculated",
            "name": "Fiscal Year",
            "dataType": "int64",
            "isDataTypeInferred": true,
            "expression": "IF(MONTH([Date])<7, YEAR([Date]), YEAR([Date])+1)"
          },
          {
            "type": "calculated",
            "name": "Fiscal Semester",
            "dataType": "int64",
            "isDataTypeInferred": true,
            "expression": "IF([Fiscal Quarter] < 3, 1, 2)"
          },
          {
            "type": "calculated",
            "name": "Month Calendar",
            "dataType": "string",
            "isDataTypeInferred": true,
            "expression": "RIGHT(\"\" & FORMAT([Month],\"#0\"), 2) & \" - \" & [Month Name]",
            "sortByColumn": "Month"
          },
          {
            "type": "calculated",
            "name": "Day of Week",
            "dataType": "string",
            "isDataTypeInferred": true,
            "expression": "RIGHT(\" \" & FORMAT([Day Number of Week],\"#0\"), 2) & \" - \" & [Day Name]"
          },
          {
            "type": "calculated",
            "name": "Day",
            "dataType": "int64",
            "isDataTypeInferred": true,
            "expression": "DAY([Date])"
          },
          {
            "type": "calculated",
            "name": "Synodic Cycles Elapsed",
            "dataType": "double",
            "isDataTypeInferred": true,
            "isHidden": true,
            "expression": [
              "IF([Month]<3, ",
              "\t(([Calendar Year]-1)*365.25 + ([Month] + 12) * 30.6 + [Day] - 694039.09) / 29.53,",
              "\t([Calendar Year] * 365.25 + [Month] * 30.6 +  [Day] - 694039.09) / 29.53)"
            ]
          },
          {
            "type": "calculated",
            "name": "Whole Synodic Cycles",
            "dataType": "int64",
            "isDataTypeInferred": false,
            "isHidden": true,
            "expression": "INT([Synodic Cycles Elapsed])"
          },
          {
            "type": "calculated",
            "name": "Synodic Remainder",
            "dataType": "double",
            "isDataTypeInferred": true,
            "isHidden": true,
            "expression": "[Synodic Cycles Elapsed]-[Whole Synodic Cycles]"
          },
          {
            "type": "calculated",
            "name": "Phase ID",
            "dataType": "int64",
            "isDataTypeInferred": true,
            "isHidden": true,
            "expression": "MOD(INT([Synodic Remainder] * 8 + 0.5), 8)"
          },
          {
            "type": "calculated",
            "name": "Phase",
            "dataType": "string",
            "isDataTypeInferred": true,
            "expression": [
              "SWITCH([Phase ID], ",
              "\t0, \"New Moon\",",
              "\t1, \"Waxing Crescent Moon\", ",
              "\t2, \"First-Quarter Half Moon\", ",
              "\t3, \"Waxing Gibbous Moon\", ",
              "\t4, \"Full Moon\" , ",
              "\t5, \"Waning Gibbous Moon\", ",
              "\t6, \"Third-Quarter Half Moon\", ",
              "\t7, \"Waning Crescent Moon\",",
              "\t\"Invalid Phase ID\" )"
            ],
            "sortByColumn": "Phase ID"
          }
        ],
        "partitions": [
          {
            "name": "CalculatedDateTablePartition",
            "source": {
              "type": "calculated",
              "expression": "CALENDAR(DATE(YEAR(TODAY())-6, 1, 1), DATE(YEAR(TODAY()), 12, 31))"
            }
          }
        ],
        "measures": [
          {
            "name": "Days Current Quarter to Date",
            "expression": "COUNTROWS( DATESQTD( 'Date'[Date]))"
          },
          {
            "name": "Days in Current Quarter",
            "expression": "COUNTROWS( DATESBETWEEN( 'Date'[Date], STARTOFQUARTER( LASTDATE('Date'[Date])), ENDOFQUARTER('Date'[Date])))"
          }
        ],
        "hierarchies": [
          {
            "name": "Calendar",
            "levels": [
              {
                "name": "Year",
                "ordinal": 0,
                "column": "Calendar Year"
              },
              {
                "name": "Semester",
                "ordinal": 1,
                "column": "Calendar Semester"
              },
              {
                "name": "Quarter",
                "ordinal": 2,
                "column": "Calendar Quarter"
              },
              {
                "name": "Month",
                "ordinal": 3,
                "column": "Month Calendar"
              },
              {
                "name": "Day",
                "ordinal": 4,
                "column": "Day of Month"
              }
            ]
          },
          {
            "name": "Fiscal",
            "levels": [
              {
                "name": "Year",
                "ordinal": 0,
                "column": "Fiscal Year"
              },
              {
                "name": "Semester",
                "ordinal": 1,
                "column": "Fiscal Semester"
              },
              {
                "name": "Quarter",
                "ordinal": 2,
                "column": "Fiscal Quarter"
              },
              {
                "name": "Month",
                "ordinal": 3,
                "column": "Month Calendar"
              },
              {
                "name": "Day",
                "ordinal": 4,
                "column": "Day of Month"
              }
            ]
          },
          {
            "name": "Production Calendar",
            "levels": [
              {
                "name": "Year",
                "ordinal": 0,
                "column": "Calendar Year"
              },
              {
                "name": "Week",
                "ordinal": 1,
                "column": "Week Number of Year"
              },
              {
                "name": "Day",
                "ordinal": 2,
                "column": "Day of Week"
              }
            ]
          },
          {
            "name": "Moon Calendar",
            "levels": [
              {
                "name": "Year",
                "ordinal": 0,
                "column": "Calendar Year"
              },
              {
                "name": "Phase",
                "ordinal": 2,
                "column": "Phase"
              },
              {
                "name": "Month",
                "ordinal": 1,
                "column": "Month Calendar"
              }
            ]
          }
        ]
      }
