{
    "measures": [
        {
            "name": "Sum of SalesAmount",
            "expression": "SUM([@SalesAmountColumn@])"
        },
        {
            "name": "Total Sales",
            "expression": "COUNTROWS('@TargetTableName@')"
        },
        {
            "name": "Sales Amount Last year",
            "expression": "CALCULATE(SUM('@TargetTableName@'[@SalesAmountColumn@]), '@DateTableName@'[@CalendarYearColumn@]=VALUES('@DateTableName@'[@CalendarYearColumn@])-1 )"
        },
        {
            "name": "YTD Sales",
            "expression": "TOTALYTD([Sum of SalesAmount], '@DateTableName@'[@DatekeyColumn@])"
        },
        {
            "name": "QTD Sales",
            "expression": "TOTALQTD([Sum of SalesAmount], '@DateTableName@'[@DatekeyColumn@])"
        },
        {
            "name": "MTD Sales",
            "expression": "TOTALMTD([Sum of SalesAmount], '@DateTableName@'[@DatekeyColumn@])"
        },
        {
            "name": "PY Sales",
            "expression": " CALCULATE([Sum of SalesAmount], SAMEPERIODLASTYEAR('@DateTableName@'[@DatekeyColumn@]))"
        },
        {
            "name": "PY Total Sales",
            "expression": " CALCULATE([Sum of SalesAmount], PARALLELPERIOD('@DateTableName@'[@DatekeyColumn@], -1, YEAR))"
        },
        {
            "name": "PQ Sales",
            "expression": " CALCULATE([Sum of SalesAmount], DATEADD('@DateTableName@'[@DatekeyColumn@], -1, QUARTER))"
        },
        {
            "name": "PM Sales",
            "expression": " CALCULATE([Sum of SalesAmount], DATEADD('@DateTableName@'[@DatekeyColumn@], -1, MONTH))"
        },
        {
            "name": "PD Sales",
            "expression": " CALCULATE([Sum of SalesAmount], DATEADD('@DateTableName@'[@DatekeyColumn@], -1, DAY))"
        },
        {
            "name": "YTDoPY Sales %",
            "expression": " DIVIDE([YTD Sales], [PY Total Sales])"
        },
        {
            "name": "YOY Sales",
            "expression": " [Sum of SalesAmount] - [PY Sales]"
        },
        {
            "name": "YOY Sales %",
            "expression": " DIVIDE([YOY Sales], [PY Sales])"
        },
        {
            "name": "PY YTD Sales",
            "expression": " CALCULATE([Sum of SalesAmount], DATESYTD(SAMEPERIODLASTYEAR('@DateTableName@'[@DatekeyColumn@])))"
        },
        {
            "name": "YOY YTD Sales",
            "expression": " [YTD Sales] - [PY YTD Sales]"
        },
        {
            "name": "YOY YTD Sales %",
            "expression": " DIVIDE([YOY YTD Sales], [PY YTD Sales])"
        },
        {
            "name": "MAT Sales",
            "expression": " CALCULATE([Sum of SalesAmount], DATESINPERIOD('@DateTableName@'[@DatekeyColumn@], LASTDATE('@DateTableName@'[@DatekeyColumn@]), -1, YEAR))"
        }
    ]
}